{
  "AGO": [-17.8824, 19.8908, -17.8667, 19.9118],
  "ARG": [-64.3386, -54.7107, -64.3514, -54.7435],
  "ATG": [-61.7332, 17.0901, -61.7765, 17.1113],
  "AUS": [-43.3891, 146.2203, -43.3636, 146.2103],
  "BDI": [29.0007, 30.8413, -4.4624, -2.3123],
  "BEN": [1.78644507955215, 6.33282916912198, 1.78645758683729, 6.33280822669104],
  "BFA": [-5.5189, 2.4054, 9.4011, 15.0826],
  "BGD": [24.0751, 91.5729, 24.0749, 91.5725],
  "BHS": [-73.0163, 21.336, -73.0668, 21.3213],
  "BLZ": [-87.857, 18.1891, -87.8976, 18.141],
  "BOL": [-64.1171, -22.3643, -64.1041, -22.3554],
  "BRA": [-44.4783, -2.7459, -44.5022, -2.7264],
  "BRB": [-59.6507, -59.4199, 13.0454, 13.3326],
  "BTN": [88.7602, 92.1237, 26.7007, 28.2477],
  "BWA": [20, 29.3608, -26.8738, -17.7808],
  "CAF": [14.4293, 27.4634, 2.2205, 11.0076],
  "CHN": [19.3082, 108.6654, 19.2915, 108.6346],
  "CIV": [-8.5687, -2.4949, 4.3629, 10.7366],
  "CMR": [8.5015, 16.191, 1.6523, 13.0774],
  "COD": [-11.7623, 27.2305, -11.7995, 27.2574],
  "COG": [11.2009, 18.65, -5.0307, 3.7031],
  "COL": [-79.0069, -66.8377, -4.2284, 12.44],
  "COM": [-12.2493, 43.659, -12.2629, 43.626],
  "CPV": [-23.4624, 14.9721, -23.4324, 15.0204],
  "CRI": [-85.693, 11.0789, -85.6882, 11.027],
  "CUB": [-79.1985, 21.0149, -79.214, 20.9868],
  "DJI": [41.7482, 43.4176, 10.914, 12.7068],
  "DOM": [-71.5196, 17.6176, -71.5537, 17.5496],
  "ECU": [-79.8329, -2.6059, -79.8165, -2.5508],
  "ERI": [12.9654, 42.911, 12.9176, 42.9071],
  "ETH": [33.0015, 47.9582, 3.4104, 14.8455],
  "FJI": [-18.9364, 178.3347, -18.9786, 178.175],
  "GAB": [-1.0482, 8.9763, -1.0907, 8.9899],
  "GHA": [-3.2567, 1.2002, 4.7451, 11.1748],
  "GIN": [-14.0262, 10.106, -14.0449, 10.0762],
  "GLP": [-61.614, 15.9815, -61.5687, 16.0254],
  "GMB": [-16.8068, -13.7916, 13.0735, 13.8269],
  "GNB": [-16.0085, 11.8929, -16.1035, 11.8654],
  "GNQ": [3.2093, 8.6774, 3.2646, 8.7129],
  "GRD": [-61.7632, -61.6021, 12.0018, 12.2351],
  "GTM": [-92.2224, -88.226, 13.7416, 17.8165],
  "GUF": [-54.5418, -51.6059, 2.1289, 5.7429],
  "GUY": [-59.7479, 1.8543, -59.7042, 1.8541],
  "HND": [-87.8086, 13.4031, -87.7524, 13.3596],
  "HTI": [-71.7583, 19.7, -71.9074, 19.7263],
  "IDN": [-8.00988407960199, 138.847634825871, -7.9929, 138.902],
  "IND": [24.0749, 91.5728, 24.0749, 91.5725],
  "JAM": [-78.3571, -76.1815, 17.709, 18.5237],
  "KEN": [-4.4984, 38.9645, -4.6657, 39.1987],
  "KHM": [10.4176, 104.4884, 10.4555, 104.5504],
  "LAO": [100.0868, 107.6261, 13.9097, 22.4972],
  "LBR": [-11.4615, -7.3651, 4.3554, 8.5518],
  "LCA": [-61.0793, -60.8732, 13.7213, 14.1076],
  "LKA": [6.076, 80.9326, 6.0996, 80.9951],
  "MDG": [-16.9318, 49.9129, -16.8921, 49.9476],
  "MEX": [-109.9214, 24.3634, -109.9378, 24.3232],
  "MLI": [-12.2389, 4.245, 10.1619, 25],
  "MMR": [10.0646, 98.2708, 10.0117, 98.1701],
  "MOZ": [-20.434, 34.7012, -20.4662, 34.6529],
  "MRT": [-15.5105, 16.5688, -15.482, 16.5818],
  "MTQ": [-61.229, -60.8176, 14.3951, 14.8782],
  "MUS": [-19.6685, 63.4585, -19.7112, 63.3768],
  "MWI": [-16.8913, 35.2727, -16.8744, 35.2865],
  "MYS": [4.6458, 100.6214, 4.6389, 100.6025],
  "MYT": [45.0426, 45.2374, -13.0004, -12.6682],
  "NAM": [11.7349, 25.2677, -28.9694, -16.9599],
  "NCL": [-22.5386, 167.4525, -22.5569, 167.4164],
  "NER": [0.1663, 15.9956, 11.697, 23.525],
  "NGA": [5.47790404835536, 5.53462384031487, 5.4968, 5.5715],
  "NIC": [-85.2286, 11.0631, -84.9108, 10.9438],
  "NPL": [80.0601, 88.2039, 26.3711, 30.4451],
  "OMN": [16.6424, 53.0823, 16.691, 53.1929],
  "PAN": [-81.7949, 7.3865, -81.7604, 7.3512],
  "PER": [-81.3179, -68.6522, -18.3518, -0.039],
  "PHL": [4.8553, 119.8242, 4.8933, 119.8503],
  "PNG": [-11.2953, 154.2142, -11.3133, 154.0761],
  "PRI": [-66.0221, 17.9774, -65.9807, 17.9676],
  "PRY": [-62.6424, -54.2624, -27.6042, -19.2952],
  "PYF": [-144.3158, -27.5792, -144.3887, -27.5758],
  "REU": [55.2163, 55.8374, -21.3899, -20.8718],
  "RWA": [28.8631, 30.8991, -2.83, -1.0486],
  "SDN": [21.8389, 38.5701, 8.6791, 23.1451],
  "SEN": [-17.5157, -11.3473, 12.3079, 16.6766],
  "SGP": [1.2914, 103.7108, 1.2698, 103.6561],
  "SLB": [-11.5936, 166.8358, -11.6242, 166.7928],
  "SLE": [-10.5982, 7.9959, -10.6001, 8.0264],
  "SLV": [-90.1249, -87.7103, 13.1526, 14.4475],
  "SOM": [40.9785, 51.4157, -1.5848, 11.9846],
  "SSD": [24.1534, 35.8699, 3.481, 12.219],
  "SUR": [-58.0864, -53.9785, 1.8311, 6.0151],
  "SYC": [-9.3746, 46.4495, -9.4085, 46.4684],
  "TCD": [13.4735, 24.0017, 7.4411, 23.4504],
  "TGO": [-0.1436, 1.8075, 6.1135, 11.138],
  "THA": [5.7537, 101.8232, 5.7591, 101.8218],
  "TLS": [-9.4852, 124.3548, -9.4818, 124.3566],
  "TON": [-175.0917, -21.1972, -175.0503, -21.1317],
  "TTO": [-61.5061, 10.0715, -61.3624, 10.0707],
  "TWN": [23.5251, 120.1457, 23.4918, 120.1204],
  "TZA": [-11.1065, 39.3414, -11.0843, 39.3655],
  "UGA": [29.5723, 35.0003, -1.4821, 4.2345],
  "URY": [-58.4406, -53.0942, -34.9562, -30.0882],
  "VCT": [-61.279, -61.1143, 13.1221, 13.3835],
  "VEN": [-65.5578, 0.9933, -65.5084, 0.9155],
  "VIR": [-64.6643, 17.7149, -64.6118, 17.7613],
  "VNM": [10.0539, 104.0348, 10.084, 104.0181],
  "VUT": [-20.1354, 169.8304, -20.1525, 169.7472],
  "WSM": [-171.4324, -14.033, -171.4238, -14.0041],
  "YEM": [19, 52, 18.7889, 50.7833],
  "ZMB": [21.98, 33.7062, -18.0774, -8.2733],
  "ZWE": [25.238, 33.055, -22.4196, -15.6073]
}
